timestamp,cpu_percent,memory_percent,disk_percent,network_sent_mb,network_received_mb
2026-07-25T14:51:21.885864+00:00,29.8,90.5,37.6,245.40214252471924,1460.5329694747925
2026-07-25T14:51:46.471051+00:00,19.3,91.0,37.6,245.7115888595581,1460.921859741211
2026-07-25T14:52:06.611405+00:00,19.1,91.1,37.6,245.74120616912842,1460.9406080245972
2026-07-25T15:07:23.180996+00:00,18.7,93.3,37.6,254.87915229797363,1468.9907989501953
2026-07-25T15:08:28.739199+00:00,19.2,91.0,37.6,255.19348239898682,1469.7890348434448
2026-07-25T15:36:38.377376+00:00,20.8,90.4,37.6,270.6472587585449,1614.164282798767
2026-07-25T15:37:02.988170+00:00,17.1,90.3,37.6,270.6556329727173,1614.1746444702148
2026-07-25T15:38:35.599077+00:00,23.9,88.9,37.6,270.8219985961914,1614.4144077301025
2026-07-25T15:39:24.371394+00:00,19.0,93.3,37.6,271.6151399612427,1620.5623397827148
2026-07-25T15:40:21.280998+00:00,18.3,92.5,37.6,272.34989738464355,1624.2161626815796
2026-07-25T15:41:12.322308+00:00,16.7,93.9,37.6,272.98988914489746,1625.4610319137573
2026-07-29T04:34:03.729570+00:00,61.9,89.0,37.85,86.8402156829834,144.5988006591797
2026-07-29T04:34:19.931669+00:00,60.9,93.3,37.85,86.93120861053467,144.71427059173584
2026-07-29T04:34:29.935562+00:00,34.7,92.6,37.85,86.9512939453125,144.7508840560913
2026-07-29T04:34:40.873622+00:00,30.2,92.0,37.85,87.0659818649292,144.8220338821411
2026-07-29T04:35:05.109838+00:00,15.2,91.5,37.85,87.29299354553223,144.9833517074585
2026-07-29T04:35:30.081762+00:00,17.8,93.1,37.85,87.70306777954102,145.18649291992188
2026-07-29T08:54:19.468753+00:00,22.0,86.9,38.0,45.34206199645996,162.13662147521973
2026-07-29T08:54:31.656408+00:00,26.6,87.5,38.0,45.37225532531738,162.1906328201294
2026-07-29T08:54:40.516267+00:00,23.9,87.2,38.0,45.380051612854004,162.20409202575684
2026-07-29T08:54:49.468054+00:00,22.7,87.2,38.0,45.38157653808594,162.20618152618408
2026-07-29T08:54:59.036446+00:00,27.4,87.6,38.0,45.45777130126953,162.22139167785645
2026-07-29T08:55:08.448311+00:00,25.8,87.3,38.0,45.4822998046875,162.23332500457764
2026-07-29T13:39:56.957142+00:00,24.4,91.6,38.050000000000004,37.39067459106445,172.5748233795166
2026-07-29T13:40:06.212005+00:00,20.2,92.4,38.050000000000004,37.605191230773926,172.6459665298462
2026-07-29T13:40:12.890888+00:00,17.4,91.9,38.050000000000004,37.63848114013672,172.6818084716797
2026-07-29T13:40:19.636597+00:00,18.9,92.0,38.050000000000004,37.65073108673096,172.6963586807251
2026-07-29T13:40:26.542536+00:00,19.9,92.0,38.050000000000004,37.66141414642334,172.7059783935547
2026-07-29T13:40:33.871827+00:00,21.1,91.8,38.050000000000004,37.740254402160645,172.78569507598877
2026-07-29T13:40:41.165364+00:00,21.4,91.7,38.050000000000004,37.801878929138184,172.82259941101074
2026-07-29T13:40:48.057366+00:00,22.0,91.8,38.050000000000004,37.856553077697754,172.82693195343018
2026-07-29T13:40:55.160940+00:00,21.2,92.3,38.050000000000004,37.88900852203369,172.83875846862793
2026-07-30T08:44:41.276560+00:00,48.2,90.1,38.2,44.18513870239258,302.25264263153076
2026-07-30T08:45:04.632259+00:00,19.5,96.0,38.2,44.352108001708984,302.4392194747925
2026-07-30T08:45:12.714999+00:00,27.3,94.7,38.2,44.441269874572754,302.51722526550293
2026-07-30T08:46:08.561725+00:00,23.3,88.8,38.2,44.76050853729248,302.73845386505127
2026-07-30T08:46:17.644094+00:00,20.3,89.0,38.2,44.76427936553955,302.73974609375
2026-07-30T08:46:24.890537+00:00,20.3,88.7,38.2,44.80306053161621,302.76917839050293
2026-07-30T08:46:34.455829+00:00,20.1,89.3,38.2,44.83375835418701,302.7870445251465
2026-07-30T08:46:50.667277+00:00,17.3,89.4,38.2,44.91337585449219,303.3893823623657
2026-07-30T08:47:01.374998+00:00,17.8,90.0,38.2,45.226075172424316,303.61084747314453
2026-07-30T08:47:13.023018+00:00,16.6,89.3,38.2,45.476837158203125,303.85712909698486
2026-07-30T08:47:25.169018+00:00,19.8,90.7,38.2,45.757965087890625,304.0831422805786
2026-07-30T08:47:32.687015+00:00,25.1,89.8,38.2,45.78736209869385,304.09567642211914
2026-07-30T08:47:40.899073+00:00,23.0,90.3,38.2,45.80892562866211,304.1020269393921
2026-07-30T08:47:48.800462+00:00,20.2,90.3,38.2,45.85789489746094,304.12148094177246
2026-07-30T08:47:59.843013+00:00,24.5,92.2,38.2,46.10126495361328,304.3352041244507
2026-07-30T08:48:23.904838+00:00,23.6,93.4,38.2,46.84242343902588,305.1622142791748
2026-07-30T08:48:46.412754+00:00,15.3,93.4,38.2,47.288859367370605,305.54954528808594
2026-07-30T08:49:03.940351+00:00,17.4,93.1,38.2,47.36264705657959,305.67959690093994
2026-07-30T08:51:11.600234+00:00,20.6,87.8,38.25,48.529263496398926,306.34481716156006
2026-07-30T08:51:27.544323+00:00,18.6,87.4,38.300000000000004,48.615060806274414,306.41150760650635
2026-07-30T08:51:44.714116+00:00,17.2,87.9,38.300000000000004,48.71269226074219,306.55889892578125
2026-07-30T08:52:01.487655+00:00,18.2,87.4,38.300000000000004,49.10422134399414,306.7376346588135
2026-07-30T08:55:22.245245+00:00,20.6,88.2,36.800000000000004,50.304208755493164,307.6213617324829
2026-07-30T08:55:36.824247+00:00,16.7,88.1,36.800000000000004,50.3696174621582,307.71841621398926
2026-07-30T08:55:49.956495+00:00,14.8,88.2,36.800000000000004,50.423086166381836,311.4072256088257
2026-07-30T08:56:00.367383+00:00,22.9,85.3,36.800000000000004,50.46580505371094,311.42638206481934
2026-07-30T08:56:07.637240+00:00,21.6,85.4,36.800000000000004,50.474008560180664,311.43530082702637
2026-07-30T08:56:15.814719+00:00,19.4,85.6,36.800000000000004,50.47976112365723,311.44441986083984
2026-07-30T08:56:28.285179+00:00,18.2,85.5,36.800000000000004,50.82662391662598,311.65158462524414
2026-07-30T08:56:49.168584+00:00,23.9,85.8,36.800000000000004,50.91057300567627,311.6873092651367
2026-07-30T08:57:10.167181+00:00,22.2,85.4,36.800000000000004,50.960782051086426,311.79626750946045
2026-07-30T08:57:32.474887+00:00,25.5,87.0,36.800000000000004,51.01127529144287,311.82005310058594
2026-07-30T08:57:54.068294+00:00,24.3,86.9,36.800000000000004,51.032883644104004,311.83361625671387
2026-07-30T08:58:12.409922+00:00,26.6,87.2,36.800000000000004,51.08333206176758,311.85202407836914
2026-07-30T10:10:09.724847+00:00,25.0,91.8,36.95,398.17069244384766,648.0571746826172
2026-07-30T10:10:38.257856+00:00,27.6,91.1,36.95,398.22418689727783,648.0996866226196
2026-07-30T10:10:59.781737+00:00,28.4,91.3,36.95,398.5322389602661,648.2507648468018
2026-07-30T10:11:11.471766+00:00,31.3,91.9,36.95,398.5944242477417,648.289605140686
2026-07-30T10:11:28.443694+00:00,27.7,89.7,36.95,398.70622158050537,648.3180885314941
2026-07-30T10:11:49.816609+00:00,26.8,89.7,36.95,399.2953472137451,648.9767818450928
2026-07-30T10:12:10.411930+00:00,25.5,90.2,36.95,399.42759132385254,649.5135431289673
2026-07-30T10:12:31.260803+00:00,28.2,88.8,36.95,399.527455329895,649.765007019043
2026-07-30T10:12:53.412060+00:00,27.2,89.3,36.95,399.685435295105,653.6162986755371
2026-07-30T10:13:15.186526+00:00,27.6,88.5,36.95,399.7667541503906,653.6515111923218
2026-07-30T10:13:36.822052+00:00,27.5,88.5,36.95,399.8032865524292,653.6653366088867
2026-07-30T10:13:58.268518+00:00,24.8,88.5,36.95,399.875449180603,653.724591255188
2026-07-30T10:14:19.509346+00:00,26.8,88.3,36.95,399.90217685699463,653.7381391525269
2026-07-30T10:14:40.252308+00:00,24.4,88.0,36.95,399.92970752716064,653.7677450180054
2026-07-30T10:15:01.544518+00:00,26.8,88.5,36.95,400.2538814544678,654.0802097320557
2026-07-30T10:15:22.707390+00:00,26.2,88.2,36.95,400.32534408569336,654.1136484146118
2026-07-30T10:15:43.500728+00:00,27.0,88.4,36.95,402.54285049438477,655.9200105667114
2026-07-30T10:16:04.203524+00:00,25.4,88.5,36.95,402.58325576782227,655.9407997131348
2026-07-30T10:16:26.198912+00:00,29.9,89.4,36.95,402.73194217681885,656.1943302154541
2026-07-30T10:16:50.380002+00:00,33.3,91.7,36.95,402.99431705474854,656.7510948181152
2026-07-30T10:17:14.035666+00:00,30.7,92.0,36.95,403.05257415771484,656.7763233184814
2026-07-30T10:17:36.977626+00:00,27.3,92.1,36.95,403.0980157852173,656.7971019744873
2026-07-30T10:17:59.790697+00:00,27.1,92.2,36.95,403.2322235107422,656.8727722167969
2026-07-30T10:18:23.079481+00:00,29.1,93.0,36.95,403.75401973724365,657.27419090271
2026-07-30T10:18:46.264585+00:00,28.2,92.6,36.95,403.81868267059326,657.3041620254517
2026-07-30T10:19:08.653483+00:00,28.3,92.5,36.95,403.8580389022827,657.3268127441406
2026-07-30T10:19:31.328091+00:00,25.2,92.5,36.95,403.93554496765137,657.4662494659424
2026-07-30T10:19:53.638207+00:00,27.2,92.6,36.95,404.0391149520874,657.5028533935547
2026-07-30T10:20:15.972474+00:00,28.8,92.8,36.95,404.0799570083618,657.5141153335571
2026-07-30T10:20:38.840124+00:00,28.0,92.6,36.95,404.16944313049316,657.5629663467407
2026-07-30T10:21:00.912310+00:00,28.2,91.9,36.95,404.32040309906006,657.6527309417725
2026-07-30T10:21:22.957590+00:00,31.9,92.4,36.95,404.433310508728,657.7419595718384
2026-07-30T10:21:47.626755+00:00,32.1,88.4,36.95,404.53754329681396,657.8265027999878
2026-07-30T10:22:12.743245+00:00,32.7,87.2,36.95,404.6363468170166,657.967022895813
2026-07-30T10:22:36.026429+00:00,29.2,85.9,36.95,404.6782970428467,657.9806318283081
2026-07-30T10:22:59.622677+00:00,28.1,86.6,36.95,404.74499893188477,658.0111045837402
2026-07-30T10:23:22.819045+00:00,37.0,88.1,37.0,405.3759002685547,658.6377773284912
2026-07-30T10:23:44.815666+00:00,24.7,87.3,37.0,405.5075159072876,658.661868095398
2026-07-30T11:13:44.409922+00:00,5.1,90.3,37.150000000000006,408.6177387237549,663.9260520935059
2026-07-30T11:14:19.814841+00:00,16.4,88.7,37.150000000000006,408.9442071914673,664.2814273834229
2026-07-30T11:14:38.438399+00:00,23.4,88.9,37.150000000000006,411.4349899291992,665.0142040252686
2026-07-30T11:15:01.701096+00:00,21.7,86.5,37.150000000000006,417.52281188964844,665.760401725769
2026-07-30T11:15:25.860234+00:00,15.3,86.2,37.150000000000006,418.14716625213623,666.642728805542
2026-07-30T11:15:41.500407+00:00,14.7,86.1,37.150000000000006,418.23619651794434,666.7233180999756
2026-07-30T11:16:01.659739+00:00,19.8,86.9,37.150000000000006,418.3631286621094,666.9276657104492
2026-07-30T11:16:19.557116+00:00,15.1,85.8,37.150000000000006,418.3878116607666,666.9474391937256
2026-07-30T11:16:32.717409+00:00,14.8,85.9,37.150000000000006,418.4144563674927,666.9563512802124
2026-07-30T11:16:45.735989+00:00,15.5,85.8,37.150000000000006,418.41634464263916,666.9591770172119
2026-07-30T11:16:58.899661+00:00,15.2,85.7,37.150000000000006,418.4729051589966,666.9905118942261
2026-07-30T11:17:13.726827+00:00,17.8,85.7,37.150000000000006,418.5333032608032,667.0470638275146
2026-07-30T11:17:28.928466+00:00,15.5,84.8,37.150000000000006,418.6085567474365,667.0827083587646
2026-07-30T11:17:43.680224+00:00,16.1,85.1,37.150000000000006,418.65484619140625,667.1135425567627
2026-07-30T11:17:56.961554+00:00,16.0,84.8,37.150000000000006,418.67651557922363,667.1318702697754
2026-07-30T11:18:08.100855+00:00,15.0,84.9,37.150000000000006,418.7666301727295,667.2182941436768
2026-07-30T11:18:21.272416+00:00,20.3,86.4,37.150000000000006,418.888072013855,667.6281032562256
2026-07-30T11:18:37.319387+00:00,18.9,87.6,37.150000000000006,419.504186630249,668.1143035888672
2026-07-30T11:18:53.938019+00:00,20.8,88.5,37.150000000000006,420.0616674423218,669.0566577911377
2026-07-30T11:19:06.402646+00:00,17.8,88.7,37.150000000000006,420.1407079696655,669.3603181838989
2026-07-30T11:19:18.212394+00:00,15.7,88.2,37.150000000000006,420.2248191833496,669.4124393463135
2026-07-30T11:19:30.653746+00:00,15.8,87.5,37.150000000000006,420.2663469314575,669.4405269622803
2026-07-30T11:19:42.790610+00:00,19.3,88.0,37.150000000000006,420.83341217041016,669.945634841919
2026-07-30T11:19:56.678371+00:00,17.3,87.9,37.2,420.9216585159302,670.169674873352
2026-07-30T11:20:16.588061+00:00,20.1,88.4,37.2,421.0878028869629,673.4431419372559
2026-07-30T11:20:34.508593+00:00,20.2,88.5,37.2,421.4569263458252,674.1789712905884
2026-07-30T11:20:51.587127+00:00,19.5,86.3,37.2,421.64653491973877,674.8319616317749
2026-07-30T11:21:08.711893+00:00,20.5,89.0,37.2,422.2682132720947,689.590765953064
2026-07-30T11:21:25.719867+00:00,18.7,89.6,37.2,422.6347465515137,699.524905204773
2026-07-30T11:21:40.431778+00:00,24.2,85.5,37.2,422.8261594772339,701.7483434677124
2026-07-30T11:21:52.166347+00:00,23.0,85.5,37.2,422.90056896209717,703.9930849075317
2026-07-30T11:22:04.922942+00:00,24.4,91.6,37.2,423.03001499176025,704.0663032531738
2026-07-30T11:22:18.081944+00:00,19.4,90.4,37.25,423.1316032409668,704.1527996063232
2026-07-30T11:22:26.824200+00:00,22.1,89.7,37.25,423.1501741409302,704.1653289794922
2026-07-30T11:22:34.342628+00:00,27.7,89.9,37.25,423.1915874481201,704.1958656311035
2026-07-30T11:22:43.962974+00:00,22.4,90.4,37.25,423.2048969268799,704.2061853408813
2026-07-30T11:23:00.734081+00:00,20.6,91.2,37.25,423.49064540863037,704.7858562469482
2026-07-30T11:23:13.964654+00:00,16.3,90.3,37.25,423.7855558395386,705.0294036865234
2026-07-30T11:23:25.777777+00:00,16.9,90.4,37.25,424.1273784637451,708.2495212554932
2026-07-30T11:23:37.695511+00:00,16.0,90.4,37.25,424.2624158859253,708.4088201522827
2026-07-30T11:23:49.775456+00:00,17.7,90.0,37.25,424.32913303375244,709.0900039672852
2026-07-30T11:24:01.537102+00:00,15.7,89.4,37.25,424.4014072418213,709.1251792907715
2026-07-30T11:24:10.915541+00:00,18.3,90.1,37.25,424.5184516906738,709.5723991394043
2026-07-30T11:24:23.533885+00:00,20.7,90.3,37.25,424.62771701812744,713.8691692352295
2026-07-30T11:24:38.469680+00:00,16.1,89.5,37.25,424.7051944732666,713.9037351608276
2026-07-30T11:24:47.293046+00:00,25.6,90.7,37.25,424.78681468963623,713.9862899780273
2026-07-30T11:24:57.788367+00:00,33.2,94.6,37.25,424.97614192962646,714.1699848175049
2026-07-30T11:25:23.159826+00:00,19.2,94.0,37.300000000000004,425.6482963562012,714.4461393356323
2026-07-30T11:25:48.804091+00:00,16.7,96.1,37.300000000000004,426.24920558929443,714.813572883606
2026-07-30T11:26:08.564917+00:00,15.7,94.3,37.300000000000004,426.415771484375,714.9091720581055
2026-07-30T11:26:24.856884+00:00,20.0,96.1,37.300000000000004,426.84120082855225,715.3077697753906
2026-07-30T11:26:35.456113+00:00,17.1,95.2,37.300000000000004,427.048038482666,715.4657678604126
2026-07-30T11:26:47.122479+00:00,16.8,94.4,37.300000000000004,427.0683078765869,715.4786996841431
2026-07-30T11:26:58.815862+00:00,16.5,92.4,37.300000000000004,427.0886640548706,715.4828872680664
2026-07-30T11:27:10.403317+00:00,16.6,89.4,37.300000000000004,427.1008548736572,715.4914426803589
2026-07-30T11:27:21.370399+00:00,18.2,89.6,37.300000000000004,427.15455436706543,715.5313453674316
2026-07-30T11:27:30.851171+00:00,22.9,90.3,37.35,427.16870975494385,715.5455875396729
2026-07-30T11:27:43.917611+00:00,17.8,90.1,37.35,427.3651876449585,715.650203704834
2026-07-30T11:27:57.205836+00:00,20.4,90.6,37.35,427.8548364639282,716.1328287124634
2026-07-30T11:28:15.536390+00:00,16.5,90.2,37.35,428.11950492858887,716.1890258789062
2026-07-30T11:28:32.992814+00:00,16.1,91.2,37.35,428.25912284851074,716.6508626937866
2026-07-30T11:28:44.566236+00:00,16.3,91.1,37.35,428.28694438934326,716.6617803573608
2026-07-30T11:29:05.474066+00:00,14.4,91.3,37.35,428.31489658355713,716.6829109191895
2026-07-30T11:29:26.805168+00:00,13.4,91.0,37.650000000000006,428.40453815460205,716.7758235931396
2026-07-30T11:29:41.081783+00:00,16.2,89.8,37.85,428.48101902008057,716.8364953994751
2026-07-30T11:29:58.136578+00:00,16.5,90.2,37.7,428.4852695465088,716.8401870727539
2026-07-30T11:30:08.745876+00:00,19.6,89.2,36.95,428.5261640548706,716.8500385284424
2026-07-30T11:30:17.434716+00:00,17.7,89.1,36.95,428.52692794799805,716.8509798049927
2026-07-30T11:30:26.127774+00:00,20.1,89.8,36.95,428.62712383270264,716.9400024414062
2026-07-31T03:07:31.731624+00:00,24.0,94.0,37.95,29.47596549987793,67.65542984008789
2026-07-31T03:07:42.374525+00:00,21.5,93.9,37.95,29.486858367919922,67.65958595275879
2026-07-31T03:07:54.464265+00:00,25.2,94.2,37.95,29.518003463745117,67.66547584533691
2026-07-31T03:08:08.636501+00:00,24.0,94.3,37.95,29.64228916168213,68.25710391998291
2026-07-31T03:08:22.469112+00:00,20.3,94.2,37.95,29.665019989013672,68.27697563171387
2026-07-31T03:08:36.317727+00:00,22.6,95.0,37.95,29.6768856048584,68.28781127929688
2026-07-31T03:08:50.422191+00:00,29.5,88.2,37.95,29.678467750549316,68.2895278930664
2026-07-31T03:09:07.255730+00:00,23.2,84.0,37.95,29.7273006439209,68.32024002075195
2026-07-31T03:09:30.749340+00:00,19.3,84.3,37.95,29.836491584777832,68.48350715637207
2026-07-31T03:09:44.387199+00:00,23.7,84.2,37.95,29.844989776611328,68.49342823028564
2026-07-31T03:09:58.167713+00:00,22.1,83.9,37.95,29.896812438964844,68.51452541351318
2026-07-31T03:10:11.766256+00:00,22.3,84.3,37.95,29.960412979125977,68.57211494445801
2026-07-31T03:10:25.582241+00:00,21.8,84.4,37.95,29.98684787750244,68.58445930480957
2026-07-31T03:10:38.975272+00:00,20.3,84.3,37.95,30.161486625671387,68.75501251220703
2026-07-31T03:10:52.840240+00:00,21.4,84.3,37.95,30.589637756347656,69.18536281585693
2026-07-31T03:11:05.988887+00:00,20.4,83.9,37.95,30.624394416809082,69.19231414794922
2026-07-31T03:11:19.450251+00:00,24.4,84.1,37.95,31.06705951690674,69.49388599395752
2026-07-31T03:11:32.484518+00:00,21.5,84.1,37.95,31.11287021636963,69.51354217529297
2026-07-31T03:11:45.651483+00:00,19.8,84.2,37.95,31.15314483642578,69.53020763397217
2026-07-31T03:11:59.261877+00:00,31.2,85.0,37.95,31.485018730163574,69.69115829467773
2026-07-31T03:12:08.029884+00:00,29.1,85.2,37.95,31.59693717956543,69.77695751190186
2026-07-31T03:12:16.035753+00:00,23.9,85.0,37.95,31.619754791259766,69.7930040359497
2026-07-31T03:12:26.666929+00:00,26.5,85.5,37.95,31.721281051635742,69.81668186187744
2026-07-31T03:12:38.828671+00:00,31.8,85.4,37.95,31.834607124328613,71.0744400024414
2026-07-31T03:12:47.326734+00:00,28.7,86.3,37.95,31.85993194580078,71.10390853881836
2026-07-31T03:13:04.710309+00:00,35.8,88.5,37.95,32.18492889404297,72.78104972839355
2026-07-31T03:13:32.914281+00:00,24.1,88.9,37.95,32.41331100463867,73.34068584442139
2026-07-31T03:14:01.632748+00:00,23.7,88.2,37.95,32.572261810302734,73.46679210662842
2026-07-31T03:14:30.086213+00:00,25.1,87.7,37.95,33.02191925048828,78.06547832489014
2026-07-31T03:14:58.103705+00:00,24.6,87.4,37.95,33.20269775390625,78.31900596618652
2026-07-31T03:15:23.896376+00:00,24.0,87.5,37.95,33.7644157409668,78.84657669067383
2026-07-31T03:15:48.471214+00:00,26.9,88.3,37.95,34.34691047668457,79.1643934249878
2026-07-31T03:16:16.933764+00:00,23.4,87.8,37.95,34.43111705780029,79.19125556945801
2026-07-31T03:17:31.333437+00:00,10.1,91.5,37.95,35.07373046875,81.29762649536133
2026-07-31T03:17:56.662232+00:00,15.9,90.4,37.95,35.646121978759766,82.28600120544434
2026-07-31T03:18:21.397832+00:00,14.0,87.7,37.95,35.680110931396484,82.4085636138916
2026-07-31T03:18:46.657073+00:00,13.7,86.5,37.95,35.744975090026855,82.44192218780518
2026-07-31T03:19:09.687756+00:00,13.3,86.6,37.95,35.75722408294678,82.4471321105957
2026-07-31T03:19:30.926055+00:00,13.5,86.7,37.95,35.806395530700684,82.56165885925293
2026-07-31T03:19:53.918234+00:00,13.5,86.6,37.95,35.81208324432373,82.56814098358154
2026-07-31T03:20:15.928061+00:00,13.6,86.5,37.95,35.829474449157715,82.57974147796631
2026-07-31T03:20:33.512956+00:00,13.2,86.4,37.95,35.866618156433105,82.61958885192871
2026-07-31T03:20:58.700989+00:00,14.0,86.4,37.95,35.914005279541016,82.67648696899414
2026-07-31T03:21:22.207804+00:00,13.2,86.4,37.95,35.9538049697876,82.7198486328125
2026-07-31T03:21:48.343652+00:00,12.9,85.7,37.95,35.977004051208496,82.72701740264893
2026-07-31T03:22:15.071854+00:00,12.7,85.8,37.95,35.99045658111572,82.73490238189697
2026-07-31T03:22:43.373709+00:00,13.7,85.6,37.95,36.32649040222168,83.09250068664551
2026-07-31T03:23:10.091404+00:00,12.8,85.5,37.95,36.339083671569824,83.11014938354492
2026-07-31T03:23:34.527544+00:00,18.2,86.6,37.95,37.00595474243164,83.8390302658081
2026-07-31T03:24:04.135433+00:00,16.6,86.9,37.95,37.748666763305664,84.52443504333496
2026-07-31T03:24:30.975442+00:00,18.4,87.9,37.95,38.31550216674805,85.07904434204102
2026-07-31T03:30:22.574000+00:00,16.6,87.7,37.95,40.98947334289551,88.04074287414551
2026-07-31T03:30:32.008665+00:00,20.0,89.3,37.95,40.991028785705566,88.04355907440186
2026-07-31T03:30:42.541557+00:00,25.8,88.6,37.95,41.12026786804199,88.16796207427979
2026-07-31T03:30:56.681999+00:00,17.5,88.6,37.95,41.18702697753906,88.19134044647217
2026-07-31T03:31:12.564139+00:00,18.9,89.0,37.95,41.60330581665039,88.70356178283691
2026-07-31T03:31:27.590210+00:00,16.2,89.5,37.95,41.87703990936279,89.0535888671875
2026-07-31T03:31:42.069127+00:00,16.5,90.3,37.95,42.028597831726074,89.2323637008667
2026-07-31T03:31:55.477822+00:00,16.1,89.2,37.95,42.224534034729004,89.48344135284424
2026-07-31T03:32:10.262005+00:00,17.9,90.4,37.95,42.318217277526855,89.559494972229
2026-07-31T03:32:20.023042+00:00,23.8,89.7,37.95,42.485886573791504,89.69077777862549
2026-07-31T03:42:48.227032+00:00,19.1,85.7,37.95,47.86322498321533,94.12731552124023
2026-07-31T03:42:58.000790+00:00,22.3,87.0,37.95,47.92198944091797,94.16722583770752
2026-07-31T03:44:13.483302+00:00,8.8,89.9,37.95,48.19288158416748,94.66203880310059
2026-07-31T03:44:48.841414+00:00,19.9,86.0,37.95,49.16288757324219,96.68749809265137
2026-07-31T03:45:11.737906+00:00,15.6,84.3,37.95,49.30281734466553,96.89616203308105
2026-07-31T03:45:36.152179+00:00,16.4,84.1,37.95,49.65563488006592,97.09044933319092
2026-07-31T03:46:00.131861+00:00,16.1,85.1,37.95,49.77376651763916,97.14283657073975
2026-07-31T03:46:23.336465+00:00,16.2,85.5,37.95,49.94583606719971,97.32515048980713
2026-07-31T03:46:47.713358+00:00,15.6,86.2,37.95,49.98554611206055,97.34378623962402
2026-07-31T03:47:12.451714+00:00,18.7,86.3,37.95,50.378780364990234,97.57233047485352
2026-07-31T03:47:36.021534+00:00,15.9,86.3,37.95,50.58249092102051,97.80510425567627
2026-07-31T03:48:04.754901+00:00,17.2,86.2,37.95,51.01215744018555,98.01085758209229
2026-07-31T03:49:37.812228+00:00,35.9,86.3,37.95,51.8876256942749,98.78214836120605
2026-07-31T03:49:55.854515+00:00,18.9,86.8,37.95,51.937421798706055,98.88255310058594
2026-07-31T03:50:23.053280+00:00,17.5,87.7,37.95,52.00458812713623,98.9434404373169
2026-07-31T03:50:48.756864+00:00,17.8,87.8,37.95,52.03409194946289,98.97875022888184
2026-07-31T03:51:11.994915+00:00,15.8,87.3,37.95,52.11785411834717,99.03707695007324
2026-07-31T03:51:37.698577+00:00,17.6,86.2,37.95,52.266547203063965,99.2432165145874
2026-07-31T03:51:56.219679+00:00,17.0,85.8,37.95,52.336782455444336,99.35451602935791
2026-07-31T03:52:20.033473+00:00,18.9,85.9,37.95,52.39929676055908,99.43737506866455
2026-07-31T03:52:44.854706+00:00,15.8,85.5,37.95,52.48334217071533,99.51545524597168
2026-07-31T03:53:08.061502+00:00,14.8,85.6,37.95,52.49526786804199,99.52914619445801
2026-07-31T03:53:33.581934+00:00,16.7,86.7,37.95,52.85856819152832,100.26314735412598
2026-07-31T03:53:56.670588+00:00,18.4,85.7,37.95,53.22251605987549,100.61461925506592
2026-07-31T03:54:13.877919+00:00,17.1,85.4,37.95,53.255125999450684,100.62291431427002
2026-07-31T03:54:34.932260+00:00,17.8,83.5,37.95,53.88072109222412,101.31862258911133
2026-07-31T03:54:58.175500+00:00,16.6,84.0,37.95,54.075284004211426,101.53092861175537
2026-07-31T03:55:19.748396+00:00,15.3,83.6,37.95,54.080491065979004,101.53736686706543
2026-07-31T03:55:46.938408+00:00,17.8,85.3,37.95,54.2217903137207,101.68681907653809
2026-07-31T03:56:12.547297+00:00,16.7,84.6,37.95,54.537363052368164,101.86678981781006
2026-07-31T03:56:39.630796+00:00,16.1,84.9,37.95,54.88786029815674,102.04726028442383
2026-07-31T03:57:57.748845+00:00,27.8,83.9,37.95,55.34651851654053,102.46504592895508
2026-07-31T03:58:06.595306+00:00,18.0,83.6,37.95,55.36592388153076,102.47649002075195
2026-07-31T03:58:13.791497+00:00,18.8,83.7,37.95,55.371249198913574,102.48837566375732
2026-07-31T03:58:23.577302+00:00,20.3,84.3,37.95,55.392486572265625,102.51244354248047
2026-07-31T04:08:43.681165+00:00,21.2,92.0,37.95,60.42856788635254,107.01427268981934
2026-07-31T04:09:04.762479+00:00,18.3,92.2,37.95,60.50144577026367,107.15033721923828
2026-07-31T04:09:23.349197+00:00,18.6,92.4,37.95,60.53235054016113,107.18464183807373
2026-07-31T04:16:05.463756+00:00,6.0,91.4,37.95,60.57825565338135,107.26590156555176
2026-07-31T04:16:15.828731+00:00,47.5,86.1,38.1,60.80483818054199,108.14671421051025
2026-07-31T04:16:27.533355+00:00,30.9,90.9,38.2,61.008676528930664,108.43670654296875
2026-07-31T04:16:42.110698+00:00,25.2,91.6,38.35,61.100131034851074,108.51859760284424
2026-07-31T04:16:52.268724+00:00,36.3,87.8,38.300000000000004,61.16461181640625,108.58891105651855
2026-07-31T04:17:03.880488+00:00,33.0,86.3,37.85,61.296884536743164,108.69843006134033
2026-07-31T04:17:27.033065+00:00,16.5,86.2,37.85,61.677123069763184,108.94265079498291
2026-07-31T04:17:47.105353+00:00,13.8,86.2,37.85,61.7355899810791,108.96682357788086
2026-07-31T04:18:20.796933+00:00,11.7,86.1,37.85,61.81325817108154,109.01954364776611
2026-07-31T04:18:38.901497+00:00,14.4,86.5,37.85,61.825727462768555,109.02488327026367
2026-07-31T04:18:53.309945+00:00,15.9,86.1,37.85,61.82670593261719,109.02626991271973
2026-07-31T04:19:07.916402+00:00,16.0,85.9,37.85,61.848196029663086,109.04244327545166
2026-07-31T04:19:24.202670+00:00,18.0,85.2,37.85,61.88396072387695,109.07464122772217
2026-07-31T04:19:36.033618+00:00,24.4,86.2,37.85,61.96183395385742,109.11142539978027
2026-07-31T04:19:48.796323+00:00,24.2,87.0,37.85,62.060956954956055,109.30378818511963
2026-07-31T04:20:01.787153+00:00,23.3,87.4,37.85,62.14696502685547,109.514892578125
2026-07-31T04:20:16.682419+00:00,19.7,86.6,37.85,62.198126792907715,109.58467674255371
2026-07-31T04:20:31.946169+00:00,17.6,86.9,37.85,62.23161697387695,109.60275173187256
2026-07-31T04:20:46.759224+00:00,19.4,86.9,37.85,62.28542709350586,109.65603256225586
2026-07-31T04:21:00.294900+00:00,18.0,86.7,37.85,62.30302906036377,109.66926860809326
2026-07-31T04:21:15.821884+00:00,16.6,86.8,37.85,62.3810920715332,109.7946720123291
2026-07-31T04:21:30.673734+00:00,16.3,86.8,37.85,62.40133190155029,109.80151653289795
2026-07-31T04:21:51.028834+00:00,14.7,86.6,37.85,62.41338348388672,109.80497360229492
2026-07-31T04:22:08.998473+00:00,15.6,86.8,37.85,62.43156433105469,109.81605339050293
2026-07-31T04:22:24.768788+00:00,16.5,87.0,37.85,62.44709014892578,109.8279161453247
2026-07-31T04:24:46.772222+00:00,9.1,87.2,37.85,63.03217792510986,111.47294521331787
2026-07-31T04:25:11.142368+00:00,18.6,86.6,37.85,63.351280212402344,111.66825675964355
2026-07-31T04:25:31.403926+00:00,16.9,85.0,37.85,63.56155204772949,111.79301166534424
2026-07-31T04:25:46.618661+00:00,17.1,84.8,37.85,63.60281944274902,111.80737495422363
2026-07-31T04:26:01.687249+00:00,15.9,84.7,37.85,63.60462284088135,111.81015491485596
2026-07-31T04:27:09.468858+00:00,9.4,86.4,37.85,63.79973793029785,112.07532787322998
2026-07-31T04:27:36.147950+00:00,15.9,86.5,37.85,64.02432250976562,112.45098400115967
2026-07-31T04:27:55.659655+00:00,18.9,85.8,37.85,64.26595878601074,112.59769439697266
2026-07-31T04:28:08.067676+00:00,20.6,85.8,37.85,64.33378601074219,112.61128425598145
2026-07-31T04:28:23.228247+00:00,16.2,85.5,37.85,64.35706329345703,112.61729431152344
2026-07-31T04:28:38.696116+00:00,16.0,85.5,37.85,64.36756134033203,112.62100982666016
2026-07-31T04:28:52.729667+00:00,16.3,85.8,37.85,64.40354824066162,112.63305473327637
2026-07-31T04:29:08.294748+00:00,16.3,85.6,37.85,64.4187240600586,112.6396656036377
2026-07-31T04:29:24.686804+00:00,20.8,84.4,37.85,64.77146053314209,112.88550281524658
2026-07-31T04:29:48.330722+00:00,17.8,83.8,37.85,64.97593975067139,113.13181591033936
2026-07-31T04:30:07.778799+00:00,16.3,83.8,37.85,65.18466091156006,116.8627061843872
2026-07-31T04:30:20.967711+00:00,22.7,84.7,37.85,65.45804023742676,116.95981693267822
2026-07-31T04:30:32.150879+00:00,23.3,84.6,37.85,65.52647304534912,117.00907897949219
2026-07-31T04:30:44.555832+00:00,27.9,88.2,37.85,65.7083158493042,117.14744091033936
2026-07-31T04:30:58.587308+00:00,22.8,88.1,37.85,65.84055995941162,117.29490184783936
2026-07-31T04:36:25.156189+00:00,23.8,88.1,37.85,68.25075340270996,119.04345035552979
2026-07-31T04:36:36.354814+00:00,23.3,89.7,37.85,68.28337097167969,119.08062362670898
2026-07-31T04:36:59.583883+00:00,19.1,87.2,37.85,68.37918949127197,119.22985649108887
2026-07-31T04:37:25.388481+00:00,15.7,86.8,37.85,68.40039157867432,119.24443531036377
2026-07-31T04:37:52.609279+00:00,15.6,87.4,37.85,68.46044254302979,119.29108619689941
2026-07-31T04:38:19.501989+00:00,17.5,88.2,37.85,68.87599754333496,119.50897216796875
2026-07-31T04:38:45.626594+00:00,16.5,88.3,37.85,68.91793537139893,119.54035568237305
2026-07-31T04:39:12.576104+00:00,16.9,88.2,37.85,68.9923038482666,119.60892105102539
2026-07-31T04:39:40.196249+00:00,16.5,88.8,37.85,69.29877376556396,119.90005493164062
2026-07-31T04:40:08.091179+00:00,17.9,90.9,37.85,69.6884994506836,120.03387546539307
2026-07-31T04:40:35.836321+00:00,18.2,90.3,37.85,70.02400398254395,120.35962677001953
2026-07-31T04:41:01.222461+00:00,19.3,90.5,37.85,70.28917121887207,120.55384826660156
2026-07-31T04:41:22.837339+00:00,26.1,89.6,37.85,71.04437255859375,125.07740688323975
2026-07-31T04:41:42.738944+00:00,20.3,89.1,37.85,71.2427225112915,126.33210182189941
2026-07-31T04:42:02.515271+00:00,23.0,91.9,37.85,71.70697689056396,126.92951393127441
2026-07-31T04:42:29.449097+00:00,20.7,90.9,37.85,72.00833415985107,129.49830436706543
2026-07-31T04:42:53.663458+00:00,17.6,92.6,37.85,72.12591743469238,131.98045825958252
2026-07-31T04:43:20.598715+00:00,19.6,90.5,37.85,72.27087593078613,135.3818416595459
2026-07-31T04:43:45.779998+00:00,16.1,90.2,37.85,72.46155166625977,135.54049682617188
2026-07-31T04:44:07.370893+00:00,17.5,89.4,37.85,72.8126630783081,135.6600980758667
2026-07-31T04:44:51.460827+00:00,23.4,86.8,37.85,73.26176643371582,136.00210857391357
2026-07-31T04:45:05.291297+00:00,20.8,88.8,37.85,73.29224014282227,136.02456378936768
2026-07-31T04:45:35.129361+00:00,16.6,91.7,37.85,73.49633979797363,141.75005626678467
2026-07-31T04:46:02.283195+00:00,16.6,90.0,37.85,73.6967658996582,142.08009338378906
2026-07-31T04:46:29.086065+00:00,15.7,89.3,37.85,73.97440814971924,142.37679958343506
2026-07-31T04:46:51.023646+00:00,19.0,85.9,37.85,74.22497940063477,142.71121978759766
2026-07-31T13:07:06.468540+00:00,46.3,91.7,38.1,114.83626461029053,437.998628616333
2026-07-31T13:07:38.349949+00:00,34.6,93.1,38.1,115.71017360687256,439.8167133331299
2026-07-31T13:08:01.722125+00:00,29.5,90.8,38.1,116.09896183013916,440.01356983184814
2026-07-31T13:08:26.308719+00:00,31.8,92.0,38.1,116.51539039611816,440.3401918411255
2026-07-31T14:06:20.967590+00:00,0.3,89.3,38.1,117.14486598968506,440.78978633880615
2026-07-31T14:44:44.357795+00:00,0.9,94.7,38.1,119.32846355438232,444.3920783996582
2026-07-31T14:45:09.465349+00:00,36.3,94.3,38.1,119.9375638961792,447.21058654785156
2026-07-31T14:45:32.796659+00:00,29.0,93.4,38.1,120.21729564666748,448.6899824142456
2026-07-31T14:45:55.926365+00:00,29.2,93.7,38.1,120.7612886428833,452.81973457336426
2026-07-31T14:46:19.442684+00:00,31.0,92.6,38.1,121.3919792175293,455.345477104187
2026-07-31T14:46:40.169372+00:00,30.6,89.2,38.1,121.9660120010376,456.3740930557251
2026-07-31T14:47:00.806594+00:00,28.2,89.2,38.1,122.4970235824585,457.06821060180664
2026-07-31T14:47:22.283384+00:00,28.8,89.0,38.1,122.83919429779053,457.45122146606445
2026-07-31T14:47:43.349849+00:00,29.2,89.0,38.1,123.56458187103271,458.89154720306396
2026-07-31T14:48:02.050813+00:00,32.0,90.4,38.1,124.34171390533447,459.8675422668457
2026-07-31T16:05:01.718186+00:00,17.6,91.6,38.050000000000004,68.9818525314331,63.70823097229004
2026-07-31T16:05:23.892856+00:00,16.9,91.2,38.050000000000004,69.08936309814453,63.798072814941406
2026-07-31T16:05:36.919212+00:00,17.7,90.8,38.050000000000004,69.11960792541504,63.82079315185547
2026-07-31T16:05:46.544011+00:00,16.7,90.6,38.050000000000004,69.12122821807861,63.8226318359375
2026-07-31T16:05:56.489486+00:00,17.4,90.9,38.050000000000004,69.12432861328125,63.827115058898926
2026-07-31T16:06:06.579592+00:00,17.9,91.2,38.050000000000004,69.15246963500977,63.8657112121582
2026-07-31T16:06:16.573293+00:00,22.8,91.5,38.050000000000004,69.1874418258667,63.90797710418701
2026-07-31T16:06:32.526145+00:00,15.9,91.5,38.050000000000004,69.22378921508789,63.964659690856934
2026-07-31T16:06:47.427486+00:00,16.1,92.2,38.050000000000004,69.24884700775146,64.00852966308594
2026-07-31T16:07:00.967528+00:00,16.4,91.6,38.050000000000004,69.2706708908081,64.03376770019531
2026-07-31T16:07:16.800242+00:00,17.8,92.2,38.050000000000004,69.36223793029785,64.06457233428955
2026-07-31T16:07:31.286518+00:00,16.6,92.3,38.050000000000004,69.46791553497314,64.18700790405273
2026-07-31T16:07:46.229108+00:00,16.0,92.4,38.050000000000004,69.53477191925049,64.23127555847168
2026-07-31T16:08:00.897924+00:00,17.9,92.3,38.050000000000004,69.54689121246338,64.24295711517334
2026-07-31T16:08:15.514875+00:00,15.7,92.0,38.050000000000004,69.62733840942383,64.30357265472412
2026-07-31T16:08:29.667861+00:00,14.0,91.0,38.050000000000004,69.63450717926025,64.3061990737915
2026-07-31T16:08:44.141537+00:00,16.4,92.8,38.050000000000004,69.66065120697021,64.3233118057251
2026-07-31T16:08:59.131333+00:00,15.8,92.2,38.050000000000004,69.72170925140381,64.37769985198975
2026-07-31T16:09:13.593482+00:00,15.8,92.0,38.050000000000004,69.74424076080322,64.38638877868652
2026-07-31T16:09:29.873816+00:00,15.1,92.0,38.050000000000004,69.8646593093872,64.58407688140869
2026-07-31T16:09:44.536467+00:00,16.7,92.1,38.050000000000004,69.9944019317627,64.67336463928223
2026-07-31T16:09:59.310636+00:00,17.5,92.4,38.050000000000004,70.26370143890381,64.8942928314209
2026-07-31T16:10:12.417298+00:00,14.6,92.3,38.050000000000004,70.44683170318604,64.95832920074463
2026-07-31T16:10:28.243959+00:00,18.1,94.0,38.1,70.76695823669434,65.73052883148193
2026-07-31T16:10:43.957450+00:00,17.3,95.4,38.1,71.0953779220581,68.60528945922852
2026-07-31T16:10:58.085488+00:00,16.6,95.4,38.1,71.40257835388184,70.67228984832764
2026-07-31T16:11:11.621449+00:00,19.5,96.5,38.1,71.70874500274658,72.86644649505615
2026-07-31T16:11:25.380709+00:00,18.8,95.8,38.050000000000004,71.99349403381348,74.65650272369385
2026-07-31T16:11:39.035119+00:00,19.5,95.6,38.050000000000004,72.42773818969727,74.83211326599121
2026-07-31T16:11:53.701164+00:00,19.0,95.6,38.050000000000004,72.93185997009277,75.43194770812988
2026-07-31T16:12:08.297289+00:00,20.3,94.2,38.050000000000004,73.26361274719238,76.29876136779785
2026-07-31T16:12:22.421930+00:00,18.9,90.7,38.050000000000004,73.59881114959717,78.58009052276611
2026-07-31T16:12:36.074617+00:00,16.1,90.4,38.050000000000004,73.81972980499268,79.0649995803833
2026-07-31T16:12:51.901515+00:00,16.4,90.5,38.050000000000004,74.07419013977051,79.50086116790771
2026-07-31T16:13:07.723709+00:00,17.7,91.1,38.050000000000004,74.4377965927124,80.4378662109375
2026-07-31T16:13:23.867085+00:00,17.7,89.4,38.050000000000004,74.78166103363037,81.72834396362305
2026-07-31T16:13:37.583657+00:00,18.2,89.3,38.050000000000004,75.20981025695801,81.90025043487549
2026-07-31T16:13:52.156288+00:00,16.8,87.8,38.050000000000004,75.63315010070801,82.23999214172363
2026-07-31T16:14:07.197275+00:00,17.6,87.6,38.050000000000004,75.95895862579346,82.42462730407715
2026-07-31T16:14:20.648992+00:00,14.2,86.4,38.050000000000004,75.99873542785645,82.52670955657959
2026-07-31T16:14:34.211804+00:00,14.6,86.5,38.050000000000004,76.0073595046997,82.53250122070312
2026-07-31T16:14:48.443015+00:00,14.4,86.2,38.050000000000004,76.01326751708984,82.54514598846436
2026-07-31T16:15:00.930743+00:00,14.1,86.2,38.050000000000004,76.03918933868408,82.55935478210449
2026-07-31T16:15:13.708829+00:00,16.6,86.9,38.050000000000004,76.13083553314209,82.61642551422119
2026-07-31T16:15:28.463976+00:00,18.7,87.2,38.050000000000004,76.3689775466919,82.71015930175781
2026-07-31T16:15:40.469195+00:00,20.9,88.1,38.050000000000004,76.58947944641113,82.79623985290527
2026-07-31T16:15:51.338480+00:00,26.6,87.7,38.050000000000004,76.64939022064209,82.86439609527588
2026-07-31T16:16:04.741998+00:00,20.6,87.6,38.050000000000004,76.87485218048096,82.97910785675049
2026-07-31T16:16:16.814832+00:00,22.7,88.6,38.050000000000004,77.11709976196289,83.05521774291992
2026-07-31T16:16:31.590046+00:00,18.6,88.2,38.050000000000004,77.47012710571289,83.17921352386475
2026-07-31T16:16:47.542755+00:00,17.1,87.7,38.050000000000004,77.77753734588623,83.29886817932129
2026-07-31T16:17:02.248800+00:00,15.7,87.5,38.050000000000004,77.81222820281982,83.3088550567627
2026-07-31T16:17:16.210338+00:00,16.3,88.0,38.050000000000004,77.90854549407959,83.44314002990723
2026-07-31T16:17:25.528027+00:00,20.9,88.1,38.1,77.92745208740234,83.44786739349365
2026-07-31T16:17:38.701949+00:00,16.7,88.5,38.1,77.97113513946533,83.47255611419678
2026-07-31T16:17:46.529913+00:00,21.7,88.5,38.1,77.98336791992188,83.47646141052246
2026-07-31T16:17:58.862001+00:00,15.8,87.9,38.1,77.9857587814331,83.48073101043701
2026-07-31T16:18:11.638400+00:00,19.8,88.3,38.1,78.0222110748291,83.51477432250977
2026-07-31T16:18:22.519050+00:00,19.5,88.1,38.1,78.1171522140503,83.6007022857666
2026-07-31T16:18:30.963849+00:00,22.3,87.3,38.1,78.25282955169678,83.64920997619629
2026-07-31T16:18:38.785505+00:00,18.3,87.4,38.1,78.30531120300293,83.66806411743164
2026-07-31T16:18:47.279236+00:00,20.2,86.4,38.1,78.32844257354736,83.68661499023438
2026-07-31T16:18:55.568492+00:00,19.8,86.6,38.1,78.33736515045166,83.6996078491211
2026-07-31T16:19:09.046828+00:00,16.3,86.5,38.1,78.36120319366455,83.70780277252197
2026-07-31T16:19:21.629427+00:00,16.0,86.8,38.1,78.47753715515137,83.87878322601318
2026-07-31T16:19:33.729323+00:00,17.4,87.3,38.1,78.6929988861084,83.95909309387207
2026-07-31T16:19:44.743673+00:00,17.9,87.2,38.1,78.74109840393066,83.98404693603516
2026-07-31T16:19:57.347058+00:00,14.9,86.4,38.1,78.80947875976562,84.00005912780762
2026-07-31T16:20:08.392257+00:00,14.1,86.3,38.1,78.81154727935791,84.00259399414062
2026-07-31T16:20:20.595611+00:00,18.9,87.0,38.1,79.01084041595459,84.12153911590576
2026-07-31T16:20:31.243627+00:00,17.8,86.8,38.1,79.13585662841797,84.16835117340088
2026-07-31T16:20:43.406062+00:00,20.5,86.9,38.050000000000004,79.32124710083008,84.69420719146729
2026-07-31T16:20:57.060240+00:00,17.3,87.5,38.050000000000004,79.46391582489014,84.73975658416748
2026-07-31T16:21:09.263312+00:00,16.6,87.2,38.050000000000004,79.49652671813965,84.74650573730469
2026-07-31T16:21:22.988212+00:00,16.9,87.3,38.050000000000004,79.53829288482666,84.7552719116211
2026-07-31T16:21:34.571007+00:00,15.1,86.9,38.050000000000004,79.57923030853271,84.77750873565674
2026-07-31T16:21:44.661300+00:00,15.8,87.0,38.1,79.60969543457031,84.81222152709961
2026-07-31T16:21:55.014900+00:00,14.5,87.0,38.050000000000004,79.6336555480957,84.82080459594727
2026-07-31T16:22:05.922299+00:00,14.6,87.1,38.1,79.63458061218262,84.8216381072998
2026-07-31T16:22:16.654263+00:00,14.7,86.9,38.1,79.65582752227783,84.83378887176514
2026-07-31T16:22:27.737305+00:00,14.5,86.9,38.1,79.68655776977539,84.84014511108398
2026-07-31T16:22:38.760283+00:00,15.0,87.2,38.1,79.70291328430176,84.8416805267334
2026-07-31T16:22:50.001967+00:00,15.7,87.0,38.1,79.70502185821533,84.84617137908936
2026-07-31T16:23:04.951894+00:00,16.9,88.1,38.1,79.94240951538086,85.01664066314697
2026-07-31T16:23:17.246835+00:00,16.0,88.8,38.1,80.09971237182617,85.07386684417725
2026-07-31T16:23:29.557196+00:00,16.9,86.5,38.1,80.14279174804688,85.07967853546143
2026-07-31T16:23:40.569697+00:00,18.3,86.2,38.1,80.17850875854492,85.0844841003418
2026-07-31T16:23:51.339648+00:00,14.8,86.1,38.1,80.20886993408203,85.09321784973145
2026-07-31T16:24:01.743259+00:00,14.3,86.2,38.1,80.22500801086426,85.10364437103271
2026-07-31T16:24:12.756493+00:00,14.4,86.2,38.1,80.25500106811523,85.10970878601074
2026-07-31T16:24:25.730768+00:00,15.3,86.4,38.1,80.4601879119873,85.36627388000488
2026-07-31T16:24:36.462082+00:00,14.2,86.4,38.1,80.47726821899414,85.37256050109863
2026-07-31T16:24:47.729671+00:00,16.9,86.7,38.1,80.48401355743408,85.40004539489746
2026-07-31T16:24:58.897193+00:00,17.4,86.6,38.1,80.48900985717773,85.4133529663086
2026-07-31T16:25:10.756144+00:00,16.2,86.2,38.1,80.52060031890869,85.42086029052734
2026-07-31T16:25:22.510996+00:00,16.6,86.1,38.1,80.52865505218506,85.42314529418945
2026-07-31T16:25:33.179706+00:00,17.3,86.1,38.1,80.54067707061768,85.43500995635986
2026-07-31T16:25:43.766875+00:00,17.7,86.3,38.1,80.5415906906128,85.43606472015381
2026-07-31T16:25:54.376136+00:00,18.8,86.5,38.1,80.54327297210693,85.43852615356445
2026-07-31T16:26:05.294508+00:00,19.2,86.5,38.1,80.56111145019531,85.44053173065186
2026-07-31T16:26:14.746934+00:00,19.8,86.8,38.1,80.58228874206543,85.44606876373291
2026-07-31T16:26:22.625570+00:00,20.3,86.8,38.150000000000006,80.58556365966797,85.45328330993652
2026-08-01T03:56:55.313664+00:00,24.3,91.6,38.050000000000004,31.66363525390625,17.080020904541016
2026-08-01T03:57:09.495996+00:00,29.1,93.6,38.050000000000004,31.67424774169922,17.09839153289795
2026-08-01T03:57:30.935415+00:00,36.6,91.9,38.050000000000004,32.08220100402832,18.359296798706055
2026-08-01T04:04:27.342555+00:00,32.9,88.8,38.050000000000004,38.388983726501465,23.686054229736328
2026-08-01T04:04:46.353108+00:00,30.5,90.2,38.050000000000004,38.43970489501953,23.709135055541992
2026-08-01T04:05:09.723579+00:00,29.9,91.0,38.050000000000004,38.51187229156494,23.82777976989746
2026-08-01T04:05:33.680552+00:00,30.4,89.9,38.050000000000004,38.67702865600586,24.07779884338379
2026-08-01T04:05:56.479851+00:00,29.2,91.0,38.050000000000004,39.051451683044434,24.34347915649414
2026-08-01T04:06:18.742515+00:00,26.1,89.9,38.050000000000004,39.406025886535645,24.655680656433105
2026-08-01T04:06:34.022872+00:00,29.5,90.7,38.050000000000004,39.800909996032715,24.86763572692871
2026-08-01T04:06:50.016918+00:00,28.5,90.0,38.050000000000004,39.95522117614746,24.9913969039917
2026-08-01T04:07:07.265940+00:00,35.4,92.2,38.1,40.447959899902344,25.28866672515869
2026-08-01T04:09:33.979305+00:00,38.5,88.8,38.1,42.30881214141846,26.70601177215576
2026-08-01T04:09:51.618309+00:00,30.3,89.3,38.1,42.32704162597656,26.713397979736328
2026-08-01T04:10:13.470011+00:00,32.4,88.7,38.1,42.55025005340576,27.036008834838867
2026-08-01T04:29:55.794534+00:00,26.6,91.8,38.1,48.27729511260986,34.263426780700684
2026-08-01T04:30:10.300015+00:00,30.9,92.6,38.1,48.34824848175049,34.29653739929199
2026-08-01T04:30:33.900523+00:00,35.5,87.3,38.1,48.50764751434326,34.5854434967041
2026-08-01T04:30:56.805746+00:00,25.0,87.3,38.1,48.60322952270508,34.711838722229004
2026-08-01T04:31:19.511148+00:00,28.2,87.4,38.1,48.92814064025879,34.87478733062744
2026-08-01T04:31:42.134310+00:00,27.0,87.5,38.1,49.08764934539795,34.94837188720703
2026-08-01T04:32:05.439487+00:00,28.1,89.2,38.050000000000004,49.43436813354492,35.133480072021484
2026-08-01T04:32:28.093509+00:00,28.3,88.8,38.050000000000004,49.537376403808594,35.16609191894531
2026-08-01T04:32:50.995374+00:00,27.8,88.5,38.050000000000004,49.58369827270508,35.20557498931885
2026-08-01T04:33:13.941921+00:00,26.5,88.6,38.050000000000004,49.97949028015137,35.40192222595215
2026-08-01T04:33:36.185879+00:00,29.9,89.4,38.1,50.053022384643555,35.51177406311035
2026-08-01T04:34:00.020780+00:00,33.8,90.2,38.1,50.236117362976074,35.5857572555542
2026-08-01T04:34:20.249552+00:00,28.5,89.8,38.1,50.80817699432373,36.01651191711426
2026-08-01T04:34:42.206766+00:00,28.3,89.8,38.1,51.01455307006836,36.07144355773926
2026-08-01T04:35:05.833242+00:00,29.5,89.6,38.1,51.094486236572266,36.09957313537598
2026-08-01T04:35:30.064807+00:00,29.8,87.2,38.1,51.1419677734375,36.12174701690674
2026-08-01T04:35:53.218697+00:00,27.8,86.9,38.1,51.2025842666626,36.165510177612305
2026-08-01T04:36:17.326454+00:00,35.3,89.0,38.1,51.218321800231934,36.17987537384033
2026-08-01T04:36:40.751077+00:00,28.2,87.7,38.1,51.717838287353516,36.52849102020264
2026-08-01T04:37:04.272588+00:00,31.1,88.4,38.1,52.07686233520508,36.683878898620605
2026-08-01T04:37:26.379716+00:00,25.3,88.1,38.1,52.181758880615234,36.722655296325684
2026-08-01T04:40:06.965592+00:00,33.3,86.8,38.1,53.7998571395874,37.699904441833496
2026-08-01T04:40:20.602340+00:00,27.9,87.0,38.1,53.81464099884033,37.710744857788086
2026-08-01T04:40:45.103655+00:00,31.2,87.9,38.1,53.90118980407715,37.86870288848877
2026-08-01T04:41:09.218231+00:00,26.1,87.3,38.1,53.979193687438965,37.93900680541992
2026-08-01T04:41:33.278131+00:00,28.0,87.8,38.1,53.99102783203125,37.964500427246094
2026-08-01T04:41:57.094588+00:00,26.9,88.0,38.1,54.33795166015625,38.33272171020508
2026-08-01T04:42:20.815583+00:00,28.7,89.1,38.1,54.7771577835083,38.59665870666504
2026-08-01T04:42:45.005533+00:00,25.6,88.4,38.1,54.90577507019043,38.67540740966797
2026-08-01T04:43:09.066030+00:00,26.2,88.4,38.1,54.99294185638428,38.74916458129883
2026-08-01T04:43:33.593365+00:00,28.5,88.8,38.1,55.104660987854004,38.90338134765625
2026-08-01T04:43:57.746809+00:00,27.2,88.2,38.1,55.15171241760254,38.925625801086426
2026-08-01T04:44:22.789835+00:00,28.4,88.6,38.1,55.53038692474365,39.26480579376221
2026-08-01T04:44:47.233686+00:00,24.7,88.3,38.1,55.55471420288086,39.273736000061035
2026-08-01T04:45:11.277657+00:00,29.3,88.5,38.1,55.93403244018555,39.505324363708496
2026-08-01T04:45:34.595775+00:00,29.1,87.6,38.1,56.08358860015869,39.586188316345215
2026-08-01T04:45:58.253195+00:00,26.8,87.8,38.1,56.15298366546631,39.63358116149902
2026-08-01T04:46:23.304673+00:00,29.2,87.6,38.1,56.19914531707764,39.66247081756592
2026-08-01T04:46:49.356955+00:00,32.7,89.5,38.050000000000004,56.32295608520508,39.77941036224365
2026-08-01T04:47:15.726238+00:00,35.0,89.2,38.1,56.41720676422119,39.92722797393799
2026-08-01T04:47:42.588647+00:00,33.5,89.7,38.1,56.492074966430664,40.0446138381958
2026-08-01T04:48:08.796566+00:00,35.0,88.8,38.150000000000006,56.708367347717285,40.209147453308105
2026-08-01T04:48:34.860793+00:00,34.2,88.0,38.150000000000006,57.43939208984375,40.6932373046875
2026-08-01T04:48:59.553128+00:00,31.6,88.4,38.150000000000006,58.54234218597412,41.20756721496582
2026-08-01T04:49:24.365659+00:00,30.5,89.8,38.150000000000006,59.48240566253662,41.69064903259277
2026-08-01T05:17:35.867818+00:00,18.8,89.5,38.150000000000006,86.88508796691895,148.80205249786377
2026-08-01T05:17:49.812988+00:00,27.7,91.5,38.150000000000006,86.95444583892822,148.84369373321533
2026-08-01T05:18:29.451234+00:00,35.0,91.6,38.150000000000006,87.5627212524414,150.01954555511475
2026-08-01T05:19:16.124534+00:00,27.6,91.9,38.150000000000006,88.11663246154785,150.3334436416626
2026-08-01T05:20:01.321764+00:00,26.1,91.1,38.150000000000006,88.45924091339111,150.75083351135254
2026-08-01T05:20:43.553440+00:00,29.2,88.0,38.150000000000006,88.86154270172119,151.00076484680176
2026-08-01T05:21:24.367602+00:00,30.7,88.3,38.150000000000006,89.23465347290039,151.2128028869629
2026-08-01T09:06:39.532930+00:00,20.9,91.5,38.1,29.36868953704834,15.88330078125
2026-08-01T09:06:55.285638+00:00,29.4,95.6,38.1,29.45355987548828,15.958037376403809
2026-08-01T09:07:10.117835+00:00,33.2,94.0,38.1,29.540310859680176,16.133851051330566
2026-08-01T09:09:33.847780+00:00,23.1,90.5,38.1,31.461453437805176,16.965279579162598
2026-08-01T09:09:56.763730+00:00,21.4,90.2,38.1,31.532804489135742,17.01711654663086
2026-08-01T09:10:15.340837+00:00,22.6,90.2,38.1,32.081604957580566,17.38050937652588
2026-08-01T09:10:29.049585+00:00,17.4,89.9,38.1,32.36188316345215,17.574983596801758
2026-08-01T09:10:41.691205+00:00,17.8,90.5,38.1,32.405517578125,17.63278102874756
2026-08-01T09:10:53.352646+00:00,17.5,89.2,38.1,32.48206806182861,17.643253326416016
2026-08-01T09:11:06.499222+00:00,17.7,89.7,38.1,32.515480041503906,17.666220664978027
2026-08-01T09:11:18.111044+00:00,18.4,90.2,38.1,32.55195713043213,17.670023918151855
2026-08-01T09:11:27.826363+00:00,26.9,91.2,38.1,32.66008949279785,17.710144996643066
2026-08-01T09:11:44.313441+00:00,21.0,90.6,38.1,33.00477695465088,17.854721069335938
2026-08-01T09:11:56.551718+00:00,17.8,90.1,38.1,33.137410163879395,17.882661819458008
2026-08-01T09:12:09.236906+00:00,18.2,90.2,38.1,33.20389175415039,17.917061805725098
2026-08-01T09:12:21.606057+00:00,16.8,90.1,38.1,33.261271476745605,17.933225631713867
2026-08-01T09:12:32.738494+00:00,17.4,89.9,38.1,33.27744483947754,17.943942070007324
2026-08-01T09:12:45.962864+00:00,18.3,90.1,38.1,33.30722904205322,17.95041561126709
2026-08-01T09:12:57.242667+00:00,24.5,91.0,38.1,33.33098125457764,17.957983016967773
2026-08-01T09:13:10.718055+00:00,21.3,90.9,38.1,33.43747520446777,18.076788902282715
2026-08-01T09:13:19.767510+00:00,25.6,90.5,38.1,33.485891342163086,18.096729278564453
2026-08-01T09:13:35.350246+00:00,18.6,90.1,38.1,33.51839733123779,18.123568534851074
2026-08-01T09:13:49.088722+00:00,20.2,90.4,38.150000000000006,33.61032962799072,18.15833854675293
2026-08-01T09:13:59.885515+00:00,21.3,90.6,38.150000000000006,33.70604991912842,18.175700187683105
2026-08-01T09:14:07.797122+00:00,20.2,90.2,38.150000000000006,33.71687698364258,18.19044303894043
2026-08-01T09:14:29.933334+00:00,15.9,90.4,38.150000000000006,34.262027740478516,18.352482795715332
2026-08-01T09:14:49.616346+00:00,15.3,90.0,38.150000000000006,34.34350776672363,18.430136680603027
2026-08-01T09:15:10.945145+00:00,15.3,88.1,38.150000000000006,34.47326850891113,18.481679916381836
2026-08-01T09:15:28.269668+00:00,15.5,86.8,38.1,34.51156425476074,18.497431755065918
2026-08-01T09:15:43.694533+00:00,17.6,86.4,38.150000000000006,34.54575824737549,18.51022434234619
2026-08-01T09:15:52.674126+00:00,24.4,86.4,38.150000000000006,34.55265998840332,18.519733428955078
2026-08-01T09:16:14.224319+00:00,19.8,86.8,38.150000000000006,35.09085941314697,18.73475933074951
2026-08-01T09:16:40.426102+00:00,15.3,86.5,38.150000000000006,35.21360206604004,18.772725105285645
2026-08-01T09:16:53.319182+00:00,19.9,87.2,38.150000000000006,35.22820472717285,18.778420448303223
2026-08-01T09:17:02.113233+00:00,21.0,87.2,38.150000000000006,35.23757266998291,18.799331665039062
2026-08-01T09:17:10.368721+00:00,21.4,87.2,38.150000000000006,35.24889659881592,18.80238914489746
2026-08-01T09:17:19.391144+00:00,24.2,88.0,38.150000000000006,35.28574275970459,18.81879711151123
2026-08-01T09:17:28.345999+00:00,20.6,87.5,38.150000000000006,35.28708076477051,18.820706367492676
2026-08-01T09:17:38.620720+00:00,21.4,87.5,38.150000000000006,35.30252170562744,18.83935832977295
